日期,总开户数,总装机数,日开户数,日销户数,日活跃用户数,HMS容量,HMS峰值,HMS负荷,中心HMS峰值,中心并发比,EPG容量,EPG峰值,EPG负荷,EPG默认分组峰值,EPG默认分组并发比,HMS峰值时间,EPG峰值时间,黑IP数
2016-04-28,2038901,0,---,---,---,470255,114769,24%,2686,2%,636400,224719,35%,116,0%,22:05:00,22:35:00,10524,0
2016-04-27,2036287,0,---,---,---,470255,115881,25%,2624,2%,636400,226983,36%,112,0%,22:05:00,21:50:00,7544,0
2016-04-26,2033659,0,---,---,---,470255,119711,25%,2763,2%,636400,235141,37%,106,0%,21:50:00,21:50:00,7128,0
2016-04-25,2030900,0,---,---,---,470255,123488,26%,2809,2%,636400,235122,37%,120,0%,21:50:00,21:50:00,7908,0
2016-04-24,2028379,0,---,---,---,470255,115767,25%,2591,2%,628400,253940,40%,123,0%,22:05:00,21:50:00,8327,0
2016-04-23,2024561,0,---,---,---,470255,119811,25%,3056,3%,628400,260645,41%,147,0%,21:50:00,21:50:00,7144,0
2016-04-22,2020518,0,---,---,---,470255,103682,22%,2667,3%,628400,213765,34%,109,0%,21:35:00,21:50:00,6225,0
2016-04-21,2018236,0,---,---,---,470255,110633,24%,2584,2%,628400,221785,35%,112,0%,22:05:00,22:35:00,6818,0
2016-04-20,2015796,0,---,---,---,470255,108913,23%,2853,3%,628400,235189,37%,128,0%,21:50:00,21:50:00,6327,0
2016-04-19,2013265,0,---,---,---,470255,106587,23%,3015,3%,628400,226131,36%,113,0%,22:05:00,21:50:00,6006,0
2016-04-18,2010769,0,---,---,---,470255,110975,24%,3189,3%,628400,221706,35%,119,0%,21:50:00,22:35:00,9641,0
2016-04-17,2008404,0,---,---,---,470255,108777,23%,2951,3%,628400,239778,38%,151,0%,21:50:00,21:50:00,7714,0
2016-04-16,2005072,0,---,---,---,470255,111701,24%,3196,3%,628400,249536,40%,133,0%,22:05:00,22:35:00,6929,0
2016-04-15,2001665,0,---,---,---,470255,107938,23%,3190,3%,628400,234126,37%,124,0%,22:05:00,22:35:00,5638,0
2016-04-14,1999850,0,---,---,---,470255,109644,23%,2990,3%,628400,213407,34%,103,0%,21:50:00,21:50:00,5217,0
2016-04-13,1998031,0,---,---,---,470255,108492,23%,2769,3%,628400,211596,34%,107,0%,21:50:00,21:50:00,4999,0
2016-04-12,1996116,0,---,---,---,470255,116545,25%,2838,2%,628400,219408,35%,118,0%,21:50:00,21:50:00,5543,0
2016-04-11,1994132,0,---,---,---,470255,109979,23%,3053,3%,628400,221640,35%,119,0%,21:50:00,21:50:00,6459,0
2016-04-10,1992350,0,---,---,---,470255,107537,23%,2587,2%,628400,240449,38%,139,0%,22:05:00,21:50:00,8513,0
2016-04-09,1989506,0,---,---,---,470255,112793,24%,3087,3%,628400,241492,38%,132,0%,22:20:00,22:35:00,6974,0
2016-04-08,1986795,0,---,---,---,470255,109664,23%,3196,3%,628400,227735,36%,133,0%,22:20:00,22:35:00,6202,0
2016-04-07,1985362,0,---,---,---,470255,108986,23%,3366,3%,628400,212127,34%,103,0%,21:50:00,21:50:00,6439,0
2016-04-06,1983765,0,---,---,---,470255,108183,23%,2796,3%,628400,226688,36%,120,0%,21:20:00,21:20:00,5877,0
2016-04-05,1982094,0,---,---,---,470255,104459,22%,2603,2%,628400,219438,35%,99,0%,21:50:00,21:50:00,8599,0
2016-04-04,1980433,0,---,---,---,469505,109112,23%,2863,3%,628400,225374,36%,89,0%,21:50:00,21:50:00,5941,0
2016-04-03,1978249,0,---,---,---,470255,105396,22%,2815,3%,628400,232649,37%,124,0%,22:20:00,21:50:00,6332,0
2016-04-02,1975755,0,---,---,---,470255,107416,23%,2950,3%,628400,233090,37%,124,0%,21:50:00,21:50:00,6316,0
2016-04-01,1972303,0,---,---,---,470255,103462,22%,2811,3%,628400,221315,35%,123,0%,21:50:00,22:35:00,5462,0
2016-03-31,1969632,0,---,---,---,470255,104846,22%,1803,2%,628400,209762,33%,69,0%,21:50:00,21:50:00,4816,0
2016-03-30,1967430,0,---,---,---,469755,103094,22%,3095,3%,628400,213503,34%,83,0%,21:50:00,21:50:00,13008,0
2016-03-29,1965100,0,---,---,---,470255,95969,20%,2832,3%,628400,225607,36%,115,0%,21:50:00,21:50:00,4515,0
2016-03-28,1962638,0,---,---,---,470255,107587,23%,3228,3%,628400,217212,35%,89,0%,21:50:00,21:50:00,4659,0
2016-03-27,1960285,0,---,---,---,470255,106787,23%,2626,2%,628400,228795,36%,107,0%,21:50:00,21:50:00,5479,0
2016-03-26,1956993,0,---,---,---,470255,105098,22%,2851,3%,628400,221408,35%,112,0%,21:50:00,22:35:00,5508,0
2016-03-25,1953572,0,---,---,---,470255,101331,22%,2800,3%,628400,216424,34%,106,0%,21:50:00,22:35:00,4822,0
2016-03-24,1951612,0,---,---,---,470255,100009,21%,2685,3%,628400,213783,34%,108,0%,22:05:00,21:50:00,4798,0
2016-03-23,1949511,0,---,---,---,470255,103997,22%,2867,3%,628400,211075,34%,90,0%,21:50:00,21:50:00,4849,0
2016-03-22,1947326,0,---,---,---,470255,107391,23%,3086,3%,628400,214927,34%,122,0%,21:50:00,21:50:00,5160,0
2016-03-21,1945099,0,---,---,---,469755,104591,22%,2998,3%,628400,213958,34%,88,0%,21:50:00,21:50:00,5266,0
2016-03-20,1942942,0,---,---,---,469755,102496,22%,2910,3%,628400,226337,36%,109,0%,21:50:00,21:50:00,4419,0
2016-03-19,1939851,0,---,---,---,469755,106698,23%,3087,3%,628400,227912,36%,110,0%,22:20:00,22:35:00,4609,0
2016-03-18,1936639,0,---,---,---,469755,98786,21%,3031,3%,628400,219067,35%,108,0%,22:05:00,22:35:00,4512,0
2016-03-17,1934852,0,---,---,---,469755,100310,21%,2876,3%,628400,209153,33%,96,0%,21:50:00,21:50:00,6645,0
2016-03-16,1932851,0,---,---,---,469755,97840,21%,2593,3%,628400,212694,34%,111,0%,22:05:00,21:50:00,4410,0
2016-03-15,1930785,0,---,---,---,471255,97735,21%,2738,3%,628400,220294,35%,103,0%,22:05:00,21:50:00,4508,0
2016-03-14,1928832,0,---,---,---,471830,103872,22%,2854,3%,628400,214184,34%,112,0%,21:50:00,21:50:00,4368,0
2016-03-13,1926890,0,---,---,---,468255,105181,22%,2999,3%,628400,234781,37%,111,0%,21:20:00,21:50:00,5227,0
2016-03-12,1924091,0,---,---,---,468830,108015,23%,3083,3%,628400,229384,37%,102,0%,21:50:00,22:35:00,5367,0
2016-03-11,1920909,0,---,---,---,468830,97386,21%,2979,3%,628400,227910,36%,106,0%,22:05:00,22:35:00,4894,0
2016-03-10,1919210,0,---,---,---,471255,99827,21%,2781,3%,628400,211749,34%,97,0%,21:50:00,21:50:00,4303,0
2016-03-09,1917454,0,---,---,---,471830,103832,22%,2798,3%,628400,221837,35%,98,0%,21:50:00,21:50:00,5902,0
2016-03-08,1915605,0,---,---,---,471255,104831,22%,2852,3%,628400,226661,36%,109,0%,21:50:00,21:50:00,4469,0
2016-03-07,1913698,0,---,---,---,471255,107060,23%,2781,3%,628400,220965,35%,114,0%,21:50:00,21:50:00,4318,0
2016-03-06,1911764,0,---,---,---,471830,104004,22%,2897,3%,628400,237806,38%,97,0%,21:50:00,21:50:00,5114,0
2016-03-05,1908434,0,---,---,---,471255,107922,23%,2927,3%,628400,238347,38%,105,0%,22:20:00,22:35:00,5120,0
2016-03-04,1904511,0,---,---,---,471255,103309,22%,2827,3%,628400,228465,36%,105,0%,22:20:00,22:35:00,4344,0
2016-03-03,1902384,0,---,---,---,471255,103754,22%,2656,3%,628400,212593,34%,97,0%,21:50:00,21:50:00,4195,0
2016-03-02,1899872,0,---,---,---,471830,101600,22%,2618,3%,628400,220698,35%,97,0%,21:50:00,21:50:00,4197,0
2016-03-01,1897076,0,---,---,---,471830,110189,23%,2969,3%,628400,241808,38%,92,0%,21:50:00,21:50:00,4444,0
2016-02-29,1894518,0,---,---,---,471030,117297,25%,1895,2%,628400,240785,38%,73,0%,21:50:00,21:50:00,4726,0
2016-02-28,1892162,0,---,---,---,471830,114395,24%,3371,3%,628400,261652,42%,108,0%,21:35:00,21:50:00,5007,0
2016-02-27,1888212,0,---,---,---,471830,119346,25%,3438,3%,628400,250229,40%,108,0%,22:20:00,22:35:00,4989,0
2016-02-26,1884328,0,---,---,---,471255,113559,24%,3453,3%,628400,243299,39%,93,0%,22:05:00,22:35:00,4281,0
2016-02-25,1882178,0,---,---,---,478755,117511,25%,4052,3%,628400,235032,37%,82,0%,21:50:00,21:50:00,4163,0
2016-02-24,1880054,0,---,---,---,478755,110319,23%,4038,4%,628400,240209,38%,100,0%,21:50:00,21:50:00,4517,0
2016-02-23,1877822,0,---,---,---,479330,113925,24%,4113,4%,628400,243985,39%,92,0%,21:50:00,21:50:00,4651,0
2016-02-22,1875451,0,---,---,---,478755,110843,23%,3587,3%,628400,259684,41%,77,0%,22:20:00,21:50:00,4938,0
2016-02-21,1873466,0,---,---,---,478755,111833,23%,4021,4%,628400,253735,40%,93,0%,21:50:00,21:50:00,5046,0
2016-02-20,1870082,0,---,---,---,479330,118938,25%,4441,4%,628400,246360,39%,90,0%,21:50:00,22:35:00,4984,0
2016-02-19,1866569,0,---,---,---,479330,110971,23%,4444,4%,628400,244315,39%,80,0%,21:50:00,22:35:00,4487,0
2016-02-18,1864421,0,---,---,---,478755,110236,23%,4197,4%,628400,229934,37%,79,0%,21:50:00,21:50:00,4028,0
2016-02-17,1862305,0,---,---,---,477755,107912,23%,4114,4%,628400,234590,37%,64,0%,21:50:00,21:50:00,4006,0
2016-02-16,1860268,0,---,---,---,369580,113400,31%,4625,4%,628400,237116,38%,63,0%,21:50:00,21:50:00,3978,0
2016-02-15,1858411,0,---,---,---,370330,116291,31%,4810,4%,628400,240417,38%,74,0%,21:50:00,21:50:00,4620,0
2016-02-14,1856699,0,---,---,---,369755,110816,30%,4412,4%,628400,241419,38%,75,0%,21:50:00,21:50:00,4084,0
2016-02-13,1855241,0,---,---,---,369755,107703,29%,4503,4%,628400,231193,37%,78,0%,21:35:00,22:35:00,3546,0
2016-02-12,1853955,0,---,---,---,370330,95497,26%,3920,4%,628400,207021,33%,69,0%,22:05:00,22:35:00,3224,0
2016-02-11,1852850,0,---,---,---,370330,92690,25%,3735,4%,628400,195919,31%,51,0%,21:50:00,22:35:00,3174,0
2016-02-10,1852009,0,---,---,---,369755,87787,24%,3575,4%,628400,188896,30%,54,0%,21:50:00,22:35:00,2992,0
2016-02-09,1851392,0,---,---,---,369755,88015,24%,3351,4%,628400,192102,31%,55,0%,22:20:00,22:35:00,3269,0
2016-02-08,1850888,0,---,---,---,369755,84311,23%,3296,4%,628400,199660,32%,64,0%,22:20:00,21:50:00,3225,0
2016-02-07,1850472,0,---,---,---,369755,70772,19%,2484,4%,628400,212838,34%,81,0%,14:35:00,21:50:00,3424,0
2016-02-06,1849244,0,---,---,---,370330,95217,26%,4003,4%,628400,185955,30%,0,0%,22:20:00,20:35:00,3788,0
2016-02-05,1846853,0,---,---,---,369755,95979,26%,4659,5%,628400,213446,34%,72,0%,21:50:00,22:35:00,4213,0
2016-02-04,1844417,0,---,---,---,369755,102204,28%,4320,4%,628400,215609,34%,73,0%,21:50:00,22:05:00,4113,0
2016-02-03,1841497,0,---,---,---,369005,104072,28%,4022,4%,628400,218882,35%,62,0%,21:50:00,21:50:00,13681,0
2016-02-02,1837836,0,---,---,---,369580,106038,29%,3917,4%,628400,222261,35%,79,0%,22:05:00,22:05:00,4631,0
2016-02-01,1834868,0,---,---,---,369580,110295,30%,4229,4%,628400,227115,36%,67,0%,21:50:00,21:50:00,1324,0
2016-01-31,1832788,0,---,---,---,369005,110843,30%,2517,2%,628400,248913,40%,65,0%,21:50:00,21:50:00,6026,0
2016-01-30,1829164,0,---,---,---,369755,108471,29%,4112,4%,628400,236584,38%,62,0%,21:50:00,22:35:00,7091,0
2016-01-29,1823926,0,---,---,---,369005,107176,29%,4215,4%,628400,239261,38%,71,0%,22:20:00,22:35:00,8590,0
2016-01-28,1819934,0,---,---,---,366555,108416,30%,4402,4%,612400,232080,38%,100,0%,21:50:00,21:50:00,4282,0
2016-01-27,1815938,0,---,---,---,370330,107199,29%,4261,4%,572400,236093,41%,81,0%,21:50:00,21:50:00,4266,0
2016-01-26,1810277,0,---,---,---,369580,109232,30%,4448,4%,572400,233623,41%,81,0%,21:50:00,21:50:00,4547,0
2016-01-25,1796353,0,---,---,---,369005,128077,35%,5420,4%,532400,277002,52%,140,0%,21:50:00,21:50:00,5011,0
2016-01-24,1785353,0,---,---,---,369005,120857,33%,5223,4%,532400,274681,52%,125,0%,21:20:00,21:20:00,5525,0
2016-01-23,1783540,0,---,---,---,369580,120962,33%,5233,4%,532400,272245,51%,118,0%,21:50:00,21:50:00,5969,0
2016-01-22,1780900,0,---,---,---,369580,116153,31%,4593,4%,532400,259930,49%,115,0%,21:50:00,22:35:00,5980,0
2016-01-21,1780076,0,---,---,---,369580,118488,32%,4719,4%,532400,256398,48%,112,0%,21:50:00,21:50:00,5217,0
2016-01-20,1779347,0,---,---,---,369580,118038,32%,4722,4%,532400,254638,48%,114,0%,21:50:00,21:50:00,6275,0
2016-01-19,1778451,0,---,---,---,369580,119814,32%,4532,4%,532400,255447,48%,118,0%,21:50:00,21:50:00,9068,0
2016-01-18,1777436,0,---,---,---,369755,122725,33%,4675,4%,532400,261050,49%,104,0%,21:50:00,21:50:00,4174,0
2016-01-17,1776749,0,---,---,---,368955,123685,34%,4703,4%,532400,268835,50%,120,0%,21:50:00,21:50:00,5046,0
2016-01-16,1775302,0,---,---,---,368955,119129,32%,4531,4%,532400,259866,49%,114,0%,21:50:00,22:35:00,4796,0
2016-01-15,1773297,0,---,---,---,369530,112599,30%,4458,4%,532400,258132,48%,116,0%,21:50:00,22:35:00,4169,0
2016-01-14,1771780,0,---,---,---,369530,117789,32%,4395,4%,532400,251746,47%,110,0%,21:50:00,21:50:00,4225,0
2016-01-13,1769924,0,---,---,---,369530,114318,31%,4542,4%,532400,249727,47%,117,0%,21:50:00,21:50:00,4448,0
2016-01-12,1767807,0,---,---,---,368955,115083,31%,4207,4%,532400,247967,47%,120,0%,21:50:00,21:50:00,4562,0
2016-01-11,1765892,0,---,---,---,369530,116951,32%,4435,4%,532400,255123,48%,133,0%,21:50:00,21:50:00,3920,0
2016-01-10,1764724,0,---,---,---,369530,117522,32%,4347,4%,532400,269574,51%,141,0%,21:35:00,21:50:00,4766,0
2016-01-09,1762143,0,---,---,---,370330,127564,34%,4472,4%,532400,276293,52%,262,0%,21:50:00,21:50:00,5135,0
2016-01-08,1758316,0,---,---,---,369755,128219,35%,4311,3%,532400,272288,51%,215,0%,22:20:00,22:35:00,4744,0
2016-01-07,1755954,0,---,---,---,370330,123453,33%,3855,3%,532400,261202,49%,161,0%,22:05:00,21:50:00,18905,0
2016-01-06,1753223,0,---,---,---,369755,124496,34%,3988,3%,532400,260243,49%,138,0%,22:05:00,21:50:00,4869,0
2016-01-05,1750139,0,---,---,---,369755,126366,34%,4313,3%,532400,263588,50%,146,0%,22:05:00,21:50:00,4802,0
2016-01-04,1747129,0,---,---,---,369755,131412,36%,4474,3%,532400,270596,51%,151,0%,22:05:00,21:50:00,4923,0
2016-01-03,1745356,0,---,---,---,370330,130227,35%,4206,3%,532400,276183,52%,157,0%,22:05:00,21:50:00,5066,0
2016-01-02,1743700,0,---,---,---,370330,128727,35%,4308,3%,532400,267992,50%,178,0%,22:05:00,22:35:00,5399,0
2016-01-01,1742573,0,---,---,---,369755,128584,35%,4385,3%,532400,267370,50%,202,0%,22:20:00,22:35:00,5337,0
2015-12-31,1741318,0,---,---,---,370330,109722,30%,2129,2%,532400,271008,51%,396,0%,22:20:00,22:50:00,4663,0
2015-12-30,1739785,0,---,---,---,369755,123732,33%,3685,3%,532400,256079,48%,140,0%,22:05:00,21:50:00,4552,0
2015-12-29,1738827,0,---,---,---,370330,123929,33%,4150,3%,532400,259010,49%,141,0%,21:50:00,21:50:00,4459,0
2015-12-28,1738241,0,---,---,---,369755,128023,35%,3825,3%,532400,262176,49%,142,0%,22:05:00,21:50:00,5024,0
2015-12-27,1737712,0,---,---,---,370330,127897,35%,4186,3%,532400,275041,52%,238,0%,22:05:00,21:50:00,5381,0
2015-12-26,1736837,0,---,---,---,370330,125239,34%,4053,3%,532400,265659,50%,173,0%,22:05:00,22:35:00,4900,0
2015-12-25,1735420,0,---,---,---,369755,123921,34%,3954,3%,532400,259375,49%,122,0%,22:05:00,22:50:00,4668,0
2015-12-24,1734481,0,---,---,---,369755,120737,33%,3867,3%,532400,250281,47%,145,0%,22:05:00,21:50:00,4038,0
2015-12-23,1733305,0,---,---,---,369755,118589,32%,3530,3%,532400,252349,47%,154,0%,22:05:00,21:50:00,4051,0
2015-12-22,1732268,0,---,---,---,369755,122255,33%,3994,3%,532400,260493,49%,161,0%,21:50:00,21:50:00,4384,0
2015-12-21,1731378,0,---,---,---,369755,124863,34%,3740,3%,532400,255393,48%,129,0%,22:05:00,21:50:00,4399,0
2015-12-20,1730442,0,---,---,---,369755,126891,34%,4041,3%,532400,277840,52%,138,0%,21:50:00,21:50:00,5180,0
2015-12-19,1728723,0,---,---,---,369755,124274,34%,3970,3%,532400,259759,49%,143,0%,22:05:00,22:35:00,4975,0
2015-12-18,1726554,0,---,---,---,369755,122472,33%,3819,3%,532400,260835,49%,136,0%,22:05:00,22:35:00,4076,0
2015-12-17,1725190,0,---,---,---,369630,123014,33%,3535,3%,532400,263874,50%,144,0%,22:05:00,21:50:00,4041,0
2015-12-16,1724140,0,---,---,---,369630,116270,31%,3516,3%,532400,256294,48%,142,0%,22:05:00,21:50:00,4258,0
2015-12-15,1723017,0,---,---,---,369630,123664,33%,3880,3%,532400,255690,48%,146,0%,22:05:00,21:50:00,4579,0
2015-12-14,1721753,0,---,---,---,372630,128523,34%,3715,3%,532400,259998,49%,179,0%,22:05:00,21:50:00,4686,0
2015-12-13,1720696,0,---,---,---,372630,129001,35%,4221,3%,532400,278635,52%,170,0%,22:05:00,21:50:00,5962,0
2015-12-12,1718664,0,---,---,---,372630,123639,33%,3958,3%,532400,259055,49%,135,0%,22:05:00,22:35:00,5778,0
2015-12-11,1716238,0,---,---,---,372630,124037,33%,4008,3%,532400,262090,49%,152,0%,22:20:00,22:35:00,5378,0
2015-12-10,1715163,0,---,---,---,372630,123355,33%,3976,3%,532400,254990,48%,185,0%,22:05:00,21:50:00,5363,0
2015-12-09,1713759,0,---,---,---,372630,119474,32%,3914,3%,532400,258316,49%,164,0%,21:50:00,21:50:00,5688,0
2015-12-08,1712113,0,---,---,---,372630,120322,32%,3680,3%,532400,250254,47%,221,0%,22:05:00,21:50:00,6563,0
2015-12-07,1710492,0,---,---,---,372630,123141,33%,3810,3%,532400,253926,48%,179,0%,22:05:00,21:50:00,8082,0
2015-12-06,1709768,0,---,---,---,372630,121488,33%,4113,3%,532400,264525,50%,215,0%,22:05:00,21:50:00,14126,0
2015-12-05,1709187,0,---,---,---,372630,124619,33%,4682,4%,532400,271763,51%,201,0%,21:50:00,21:50:00,17178,0
2015-12-04,1708569,0,---,---,---,372630,120094,32%,4520,4%,532400,261460,49%,260,0%,22:20:00,22:35:00,9700,0
2015-12-03,1708080,0,---,---,---,372630,119705,32%,3761,3%,532400,251104,47%,291,0%,21:50:00,21:50:00,6880,0
2015-12-02,1707569,0,---,---,---,372630,119592,32%,3941,3%,532400,254849,48%,351,0%,22:05:00,21:50:00,7446,0
2015-12-01,1707074,0,---,---,---,373205,120311,32%,3799,3%,532400,254458,48%,507,0%,21:50:00,21:50:00,7228,0
2015-11-30,1706464,0,---,---,---,372630,109940,30%,2556,2%,532400,345394,65%,3393,1%,21:50:00,22:20:00,7703,0
2015-11-29,1705750,0,---,---,---,372630,115143,31%,4205,4%,532400,256198,48%,143,0%,21:50:00,21:50:00,10880,0
2015-11-28,1704902,0,---,---,---,372630,116746,31%,4490,4%,532400,253707,48%,105,0%,21:35:00,22:05:00,10286,0
2015-11-27,1703831,0,---,---,---,372630,112017,30%,4166,4%,532400,247765,47%,176,0%,22:05:00,22:05:00,7608,0
2015-11-26,1703058,0,---,---,---,372630,111425,30%,4094,4%,532400,240547,45%,204,0%,21:50:00,21:50:00,7212,0
2015-11-25,1702095,0,---,---,---,372630,112117,30%,4101,4%,532400,242952,46%,277,0%,21:50:00,21:50:00,6535,0
2015-11-24,1700890,0,---,---,---,372630,118398,32%,4500,4%,532400,246407,46%,188,0%,21:50:00,21:50:00,6772,0
2015-11-23,1700440,0,---,---,---,372630,122551,33%,4311,4%,532400,248861,47%,224,0%,21:50:00,21:50:00,6989,0
2015-11-22,1700053,0,---,---,---,372630,121420,33%,4279,4%,532400,262120,49%,351,0%,22:20:00,22:35:00,10836,0
2015-11-21,1699415,0,---,---,---,372630,115141,31%,4476,4%,532400,276379,52%,271,0%,21:20:00,21:50:00,12404,0
2015-11-20,1698524,0,---,---,---,372630,119258,32%,4324,4%,532400,257447,48%,236,0%,22:20:00,22:35:00,8909,0
2015-11-19,1697905,0,---,---,---,372630,117433,32%,4236,4%,532400,242625,46%,316,0%,21:50:00,21:50:00,6002,0
2015-11-18,1697217,0,---,---,---,372630,116063,31%,4234,4%,532400,242471,46%,1271,1%,21:50:00,21:50:00,6168,0
2015-11-17,1696453,0,---,---,---,372630,112958,30%,4154,4%,532400,258794,49%,155,0%,22:20:00,21:50:00,5286,0
2015-11-15,1695403,0,---,---,---,372630,116954,31%,4071,3%,532400,254236,48%,101,0%,21:50:00,21:50:00,7448,0
2015-11-12,1693433,0,---,---,---,373205,116169,31%,4128,4%,532400,254640,48%,167,0%,21:50:00,21:50:00,6603,0
2015-11-11,1692930,0,---,---,---,373205,111809,30%,4126,4%,532400,234861,44%,138,0%,21:50:00,22:35:00,6231,0
2015-11-10,1692463,0,---,---,---,373205,113751,30%,3785,3%,532400,240486,45%,134,0%,21:50:00,22:35:00,5866,0
2015-11-09,1691923,0,---,---,---,373205,118129,32%,3951,3%,532400,241557,45%,120,0%,21:50:00,21:50:00,6044,0
2015-11-08,1691393,0,---,---,---,373205,117810,32%,4297,4%,532400,257554,48%,103,0%,21:50:00,21:50:00,10557,0
2015-11-07,1690551,0,---,---,---,373205,121705,33%,4767,4%,532400,257276,48%,130,0%,21:50:00,22:05:00,12473,0
2015-11-06,1689253,0,---,---,---,373205,116458,31%,4351,4%,532400,253009,48%,205,0%,22:05:00,22:50:00,9190,0
2015-11-05,1688565,0,---,---,---,373205,112922,30%,4173,4%,532400,237271,45%,136,0%,21:50:00,22:35:00,11550,0
2015-11-04,1687808,0,---,---,---,374355,114848,31%,4242,4%,532400,248906,47%,95,0%,21:50:00,21:50:00,8866,0
2015-11-03,1687005,0,---,---,---,374355,114902,31%,4009,3%,532400,240610,45%,94,0%,21:50:00,22:05:00,7241,0
2015-11-02,1685985,0,---,---,---,374355,117575,31%,4151,4%,532400,240945,45%,106,0%,21:50:00,21:50:00,8868,0
2015-11-01,1684885,0,---,---,---,374355,120681,32%,4636,4%,532400,261590,49%,88,0%,21:50:00,21:50:00,12764,0
2015-10-31,1683056,0,---,---,---,374355,121521,32%,2793,2%,532400,257965,48%,84,0%,22:05:00,22:35:00,9215,0
2015-10-30,1681043,0,---,---,---,374930,118942,32%,4169,4%,532400,253688,48%,89,0%,22:05:00,22:35:00,7591,0
2015-10-29,1679619,0,---,---,---,372630,116621,31%,4242,4%,532400,249097,47%,106,0%,21:50:00,21:50:00,4854,0
2015-10-28,1679225,0,---,---,---,373205,114448,31%,3891,3%,532400,237985,45%,81,0%,21:50:00,21:50:00,6082,0
2015-10-27,1678071,0,---,---,---,373205,116192,31%,4036,3%,532400,242061,45%,99,0%,21:50:00,21:50:00,5811,0
2015-10-26,1676842,0,---,---,---,372980,118605,32%,4383,4%,532400,245594,46%,85,0%,21:50:00,22:35:00,6764,0
2015-10-25,1675730,0,---,---,---,372980,119445,32%,4369,4%,532400,259618,49%,102,0%,21:50:00,22:35:00,9840,0
2015-10-24,1674265,0,---,---,---,373555,117914,32%,4700,4%,532400,251663,47%,96,0%,21:50:00,22:35:00,11709,0
2015-10-23,1672580,0,---,---,---,374705,113905,30%,4262,4%,532400,249765,47%,80,0%,21:50:00,22:50:00,8172,0
2015-10-22,1671573,0,---,---,---,373330,113152,30%,4250,4%,532400,238467,45%,84,0%,21:50:00,22:35:00,6863,0
2015-10-21,1670508,0,---,---,---,374130,111012,30%,4016,4%,532400,244858,46%,73,0%,21:50:00,22:05:00,7573,0
2015-10-20,1669472,0,---,---,---,374130,112844,30%,4233,4%,532400,245211,46%,87,0%,21:50:00,22:05:00,7680,0
2015-10-19,1668342,0,---,---,---,374130,116605,31%,4020,3%,532400,241878,45%,78,0%,21:50:00,22:35:00,5394,0
2015-10-18,1667388,0,---,---,---,374130,114891,31%,4371,4%,532400,246339,46%,72,0%,21:50:00,22:05:00,8252,0
2015-10-17,1665926,0,---,---,---,374705,114658,31%,4433,4%,532400,253078,48%,81,0%,22:05:00,22:35:00,10908,0
2015-10-16,1664325,0,---,---,---,374705,109259,29%,4137,4%,532400,247183,46%,96,0%,21:50:00,22:35:00,6469,0
2015-10-15,1663372,0,---,---,---,374705,116022,31%,3998,3%,532400,245145,46%,95,0%,21:50:00,22:35:00,5770,0
2015-10-14,1662318,0,---,---,---,374705,114011,30%,4055,4%,532400,241658,45%,93,0%,21:50:00,22:35:00,5194,0
2015-10-13,1661359,0,---,---,---,374705,114882,31%,4244,4%,532400,242797,46%,87,0%,21:50:00,22:35:00,6438,0
2015-10-12,1660208,0,---,---,---,372405,115082,31%,4253,4%,532400,244193,46%,79,0%,21:50:00,21:50:00,3921,0
2015-10-11,1659183,0,---,---,---,370805,116795,31%,4848,4%,532400,253647,48%,69,0%,21:50:00,21:50:00,6022,0
2015-10-10,1657350,0,---,---,---,373205,120356,32%,5152,4%,532400,256909,48%,76,0%,21:50:00,22:35:00,18797,0
2015-10-09,1656171,0,---,---,---,373205,115048,31%,4875,4%,532400,246262,46%,76,0%,21:50:00,22:20:00,4329,0
2015-10-08,1655110,0,---,---,---,372455,120534,32%,4874,4%,532400,253326,48%,63,0%,21:50:00,22:35:00,4343,0
2015-10-07,1654035,0,---,---,---,372455,115023,31%,5052,4%,532400,269231,51%,68,0%,21:50:00,21:50:00,6348,0
2015-10-06,1652460,0,---,---,---,372455,116460,31%,5596,5%,532400,240362,45%,59,0%,21:50:00,22:35:00,7104,0
2015-10-05,1651131,0,---,---,---,372455,114129,31%,5444,5%,532400,234908,44%,85,0%,21:50:00,22:35:00,8111,0
2015-10-04,1649703,0,---,---,---,372455,109997,30%,4820,4%,532400,232875,44%,72,0%,21:50:00,21:50:00,8337,0
2015-10-03,1648381,0,---,---,---,372455,102491,28%,4211,4%,532400,227239,43%,66,0%,21:50:00,22:20:00,7378,0
2015-10-02,1646925,0,---,---,---,373205,104226,28%,4247,4%,532400,224690,42%,74,0%,22:05:00,22:50:00,8826,0
2015-10-01,1645331,0,---,---,---,373205,111517,30%,5043,5%,532400,235318,44%,86,0%,21:50:00,22:50:00,9662,0
2015-09-30,1643360,0,---,---,---,373205,109219,29%,3356,3%,532400,252496,47%,43,0%,22:35:00,22:50:00,7720,0
2015-09-29,1641210,0,---,---,---,373780,116532,31%,4710,4%,532400,251067,47%,72,0%,21:50:00,21:50:00,5445,0
2015-09-28,1639498,0,---,---,---,373780,118640,32%,4503,4%,532400,256130,48%,83,0%,21:50:00,21:50:00,5770,0
2015-09-27,1637949,0,---,---,---,373205,110498,30%,3855,3%,532400,262027,49%,84,0%,22:20:00,22:50:00,7106,0
2015-09-26,1636089,0,---,---,---,373780,114798,31%,4301,4%,532400,255901,48%,88,0%,22:05:00,22:50:00,8458,0
2015-09-25,1633827,0,---,---,---,373780,111251,30%,4310,4%,532400,257984,48%,73,0%,22:05:00,22:50:00,5991,0
2015-09-24,1632502,0,---,---,---,374355,108779,29%,3634,3%,532400,239713,45%,80,0%,22:20:00,22:35:00,4482,0
2015-09-23,1631159,0,---,---,---,374355,108849,29%,3832,4%,532400,243055,46%,81,0%,21:50:00,22:35:00,3608,0
2015-09-22,1629872,0,---,---,---,376855,109725,29%,4160,4%,532400,252475,47%,83,0%,21:35:00,21:50:00,5074,0
2015-09-21,1628454,0,---,---,---,379005,112356,30%,3753,3%,532400,246705,46%,88,0%,22:05:00,22:35:00,5097,0
2015-09-20,1627059,0,---,---,---,383080,111400,29%,3713,3%,532400,264050,50%,75,0%,22:05:00,22:35:00,8769,0
2015-09-19,1625136,0,---,---,---,383080,114475,30%,4218,4%,532400,258616,49%,91,0%,22:05:00,22:35:00,10124,0
2015-09-18,1623086,0,---,---,---,383080,108442,28%,3594,3%,532400,256703,48%,95,0%,22:20:00,22:50:00,7819,0
2015-09-17,1622041,0,---,---,---,383080,108601,28%,3858,4%,532400,243604,46%,106,0%,21:50:00,22:35:00,70427,0
2015-09-16,1620952,0,---,---,---,383080,109618,29%,3915,4%,532400,240321,45%,86,0%,21:50:00,22:35:00,7643,0
2015-09-15,1619893,0,---,---,---,384080,106776,28%,3928,4%,532400,250330,47%,71,0%,21:35:00,21:50:00,6059,0
2015-09-14,1618738,0,---,---,---,383330,113005,29%,3823,3%,532400,245079,46%,78,0%,21:50:00,22:05:00,6239,0
2015-09-13,1617572,0,---,---,---,383330,112265,29%,3891,3%,532400,261008,49%,90,0%,22:05:00,22:05:00,7844,0
2015-09-12,1615842,0,---,---,---,383330,113345,30%,4453,4%,532400,266115,50%,101,0%,22:05:00,22:35:00,9907,0
2015-09-11,1613966,0,---,---,---,384655,108760,28%,3936,4%,532400,257207,48%,94,0%,22:05:00,22:50:00,6411,0
2015-09-10,1612985,0,---,---,---,384655,106264,28%,3871,4%,532400,234549,44%,78,0%,21:50:00,22:05:00,5128,0
2015-09-09,1611974,0,---,---,---,384080,105478,27%,3646,3%,532400,235516,44%,80,0%,21:50:00,22:05:00,5381,0
2015-09-08,1610852,0,---,---,---,378705,107199,28%,3677,3%,532400,245098,46%,87,0%,21:50:00,22:05:00,4992,0
2015-09-07,1609737,0,---,---,---,378705,114590,30%,3964,3%,532400,252590,47%,70,0%,21:20:00,22:20:00,4795,0
2015-09-06,1608514,0,---,---,---,379855,99024,26%,3779,4%,532400,242602,46%,63,0%,21:05:00,21:05:00,4999,0
2015-09-05,1607240,0,---,---,---,379105,109446,29%,4531,4%,532400,255780,48%,85,0%,21:50:00,22:05:00,8241,0
2015-09-04,1605435,0,---,---,---,379105,109353,29%,4501,4%,532400,250785,47%,62,0%,21:50:00,22:05:00,9086,0
2015-09-03,1603678,0,---,---,---,383905,109932,29%,4104,4%,532400,264089,50%,62,0%,22:20:00,10:35:00,13354,0
2015-09-02,1601261,0,---,---,---,383905,108638,28%,4241,4%,532400,251664,47%,69,0%,21:35:00,22:50:00,8047,0
2015-09-01,1599330,0,---,---,---,384655,108490,28%,4029,4%,532400,245378,46%,91,0%,21:35:00,22:05:00,4775,0
2015-08-31,1597407,0,---,---,---,384655,110979,29%,2114,2%,532400,248713,47%,73,0%,21:50:00,22:35:00,4995,0
2015-08-30,1595862,0,---,---,---,382930,116968,31%,4151,4%,532400,268016,50%,77,0%,21:50:00,22:35:00,7431,0
2015-08-29,1593727,0,---,---,---,382930,115171,30%,4029,3%,532400,257567,48%,80,0%,22:05:00,22:35:00,8586,0
2015-08-28,1591443,0,---,---,---,382930,107599,28%,3720,3%,532400,262717,49%,85,0%,22:05:00,22:50:00,38481,0
2015-08-27,1590011,0,---,---,---,382930,111581,29%,3973,4%,532400,246672,46%,77,0%,21:50:00,22:35:00,132058,0
2015-08-26,1588616,0,---,---,---,382930,109997,29%,4208,4%,532400,248075,47%,68,0%,21:50:00,22:35:00,60887,0
2015-08-25,1587016,0,---,---,---,382930,102136,27%,3829,4%,532400,230507,43%,78,0%,22:20:00,23:05:00,12490,0
2015-08-24,1585718,0,---,---,---,382930,119760,31%,4638,4%,532400,263340,49%,68,0%,21:50:00,22:05:00,7076,0
2015-08-23,1584793,0,---,---,---,385230,109740,28%,4153,4%,532400,287578,54%,76,0%,22:20:00,22:35:00,7472,0
2015-08-22,1583202,0,---,---,---,385230,113726,30%,4541,4%,532400,258171,48%,94,0%,22:05:00,22:35:00,11617,0
2015-08-21,1581505,0,---,---,---,385230,105413,27%,3975,4%,532400,263109,49%,93,0%,22:05:00,22:35:00,6146,0
2015-08-20,1580417,0,---,---,---,385230,111028,29%,4271,4%,532400,248430,47%,74,0%,21:50:00,22:05:00,5476,0
2015-08-19,1579294,0,---,---,---,385805,103677,27%,4058,4%,532400,248068,47%,90,0%,22:20:00,22:50:00,4903,0
2015-08-18,1578028,0,---,---,---,385805,110401,29%,4537,4%,532400,248289,47%,83,0%,21:50:00,22:35:00,4605,0
2015-08-17,1576911,0,---,---,---,385805,112092,29%,4527,4%,532400,250940,47%,68,0%,21:50:00,22:35:00,5434,0
2015-08-16,1575825,0,---,---,---,385805,109833,28%,4207,4%,532400,270966,51%,73,0%,22:05:00,22:35:00,6684,0
2015-08-15,1574223,0,---,---,---,385805,106402,28%,3761,4%,532400,251144,47%,81,0%,22:20:00,22:35:00,7207,0
2015-08-14,1572501,0,---,---,---,385805,101889,26%,3659,4%,532400,251686,47%,77,0%,22:05:00,22:50:00,5607,0
2015-08-13,1571576,0,---,---,---,386380,108216,28%,4114,4%,532400,247631,47%,67,0%,21:50:00,22:20:00,5386,0
2015-08-12,1570635,0,---,---,---,374380,106783,29%,4084,4%,532400,248740,47%,60,0%,22:05:00,22:35:00,5666,0
2015-08-11,1569642,0,---,---,---,335380,110751,33%,4441,4%,532400,251915,47%,70,0%,22:05:00,22:35:00,5695,0
2015-08-10,1568540,0,---,---,---,335380,118008,35%,4737,4%,532400,256398,48%,74,0%,21:50:00,22:05:00,5531,0
2015-08-09,1567548,0,---,---,---,335380,108239,32%,4543,4%,532400,266526,50%,62,0%,21:50:00,22:35:00,7211,0
2015-08-08,1565820,0,---,---,---,335380,109331,33%,4791,4%,532400,251837,47%,56,0%,21:50:00,22:35:00,9266,0
2015-08-07,1563804,0,---,---,---,335380,104469,31%,4407,4%,532400,253480,48%,79,0%,22:05:00,22:50:00,7760,0
2015-08-06,1562712,0,---,---,---,335380,108254,32%,4934,5%,532400,242990,46%,56,0%,21:50:00,22:35:00,7016,0
2015-08-03,1559586,0,---,---,---,338955,113093,33%,5773,5%,532400,247993,47%,67,0%,21:50:00,22:35:00,4694,0
2015-08-02,1559022,0,---,---,---,338955,105455,31%,4252,4%,532400,259595,49%,65,0%,22:20:00,22:35:00,6490,0
2015-08-01,1557838,0,---,---,---,338380,107495,32%,4681,4%,532400,245017,46%,73,0%,21:50:00,22:35:00,6806,0
2015-07-31,1555988,0,---,---,---,338380,98274,29%,2947,3%,532400,243775,46%,62,0%,21:50:00,22:50:00,5555,0
2015-07-30,1554734,0,---,---,---,338955,106050,31%,4682,4%,532400,241297,45%,73,0%,21:50:00,22:05:00,5918,0
2015-07-29,1553530,0,---,---,---,338380,108788,32%,4670,4%,532400,242547,46%,85,0%,21:50:00,22:05:00,5802,0
2015-07-28,1552418,0,---,---,---,338955,110707,33%,4621,4%,532400,245170,46%,77,0%,21:50:00,22:05:00,5771,0
2015-07-27,1551199,0,---,---,---,338955,20139,6%,2085,10%,532400,252911,48%,102,0%,22:05:00,22:35:00,5083,0
2015-07-26,1550303,0,---,---,---,338380,19452,6%,1865,10%,532400,263720,50%,72,0%,22:05:00,22:35:00,7587,0
2015-07-25,1548912,0,---,---,---,338380,19125,6%,2244,12%,532400,254567,48%,72,0%,21:35:00,22:20:00,7862,0
2015-07-24,1547359,0,---,---,---,338955,74130,22%,1853,2%,532400,253937,48%,77,0%,00:05:00,22:50:00,5689,0
2015-07-23,1546471,0,---,---,---,338955,117809,35%,5093,4%,532400,249750,47%,83,0%,21:50:00,22:35:00,5301,0
2015-07-22,1545566,0,---,---,---,338955,119812,35%,5155,4%,532400,247172,46%,94,0%,21:50:00,22:05:00,6257,0
2015-07-21,1544589,0,---,---,---,339455,118476,35%,4758,4%,532400,247130,46%,75,0%,21:50:00,22:35:00,4491,0
2015-07-20,1543673,0,---,---,---,339455,124805,37%,4423,4%,532400,259929,49%,74,0%,22:05:00,22:50:00,4671,0
2015-07-19,1542883,0,---,---,---,338305,121581,36%,4480,4%,532400,267695,50%,79,0%,22:05:00,22:35:00,6881,0
2015-07-18,1541724,0,---,---,---,338880,119461,35%,4815,4%,532400,251125,47%,78,0%,22:05:00,22:35:00,7305,0
2015-07-17,1540369,0,---,---,---,338880,115035,34%,4555,4%,532400,257567,48%,77,0%,22:05:00,22:50:00,5465,0
2015-07-16,1539512,0,---,---,---,339455,113519,33%,4625,4%,532400,246966,46%,91,0%,22:20:00,22:50:00,5223,0
2015-07-15,1538687,0,---,---,---,338305,112037,33%,4530,4%,532400,246150,46%,100,0%,22:20:00,22:50:00,5249,0
2015-07-14,1537793,0,---,---,---,339455,120930,36%,4895,4%,532400,244740,46%,66,0%,21:50:00,22:35:00,6088,0
2015-07-13,1537154,0,---,---,---,338305,124860,37%,4721,4%,532400,251062,47%,73,0%,21:50:00,22:35:00,4709,0
2015-07-12,1536704,0,---,---,---,338880,122189,36%,4459,4%,532400,267588,50%,93,0%,22:20:00,22:35:00,6786,0
2015-07-11,1535957,0,---,---,---,339455,125891,37%,5648,4%,532400,285250,54%,97,0%,22:05:00,21:05:00,15644,0
2015-07-10,1534918,0,---,---,---,339455,115722,34%,4718,4%,532400,263056,49%,87,0%,21:50:00,22:35:00,7163,0
2015-07-09,1534240,0,---,---,---,339455,121838,36%,4988,4%,532400,252841,47%,70,0%,21:50:00,22:05:00,5217,0
2015-07-08,1533622,0,---,---,---,339455,118188,35%,4608,4%,532400,249649,47%,74,0%,22:05:00,22:35:00,26416,0
2015-07-07,1533009,0,---,---,---,334230,123773,37%,5040,4%,532400,250173,47%,68,0%,21:50:00,22:05:00,4534,0
2015-07-06,1532226,0,---,---,---,337730,129695,38%,5039,4%,532400,260515,49%,67,0%,21:50:00,21:50:00,4880,0
2015-07-05,1531650,0,---,---,---,338305,124433,37%,4642,4%,532400,272574,51%,83,0%,22:05:00,22:05:00,6688,0
2015-07-04,1530755,0,---,---,---,338880,122169,36%,4636,4%,532400,253205,48%,64,0%,22:20:00,22:35:00,7580,0
2015-07-03,1529659,0,---,---,---,338880,118082,35%,4260,4%,532400,254044,48%,75,0%,22:05:00,22:50:00,5472,0
2015-07-02,1528966,0,---,---,---,339455,124295,37%,4547,4%,516400,248766,48%,67,0%,21:50:00,22:35:00,4226,0
2015-07-01,1528388,0,---,---,---,338880,123034,36%,4506,4%,500400,247876,50%,66,0%,21:50:00,22:35:00,3853,0
2015-06-30,1527776,0,---,---,---,339455,2086,1%,844,40%,500400,254151,51%,66,0%,21:20:00,22:35:00,3842,0
2015-06-29,1527222,0,---,---,---,339455,83393,25%,973,1%,500400,257735,52%,70,0%,00:05:00,22:50:00,4157,0
2015-06-28,1526786,0,---,---,---,338305,126568,37%,4404,3%,500400,266693,53%,82,0%,22:05:00,22:05:00,7081,0
2015-06-27,1526283,0,---,---,---,338305,124767,37%,4392,4%,500400,259267,52%,70,0%,22:20:00,22:35:00,7661,0
2015-06-26,1525840,0,---,---,---,338305,119525,35%,4598,4%,500400,258895,52%,87,0%,21:50:00,22:35:00,5156,0
2015-06-25,1525532,0,---,---,---,338880,117834,35%,4606,4%,500400,249353,50%,76,0%,21:50:00,22:35:00,2801,0
2015-06-24,1525253,0,---,---,---,339455,118027,35%,4170,4%,500400,251283,50%,70,0%,22:05:00,22:35:00,2747,0
2015-06-23,1524945,0,---,---,---,339455,122589,36%,4363,4%,500400,245316,49%,61,0%,21:50:00,22:35:00,2942,0
2015-06-22,1524733,0,---,---,---,337730,124625,37%,4656,4%,500400,249424,50%,65,0%,21:50:00,22:05:00,4906,0
2015-06-21,1524419,0,---,---,---,337730,121615,36%,4781,4%,500400,251963,50%,56,0%,21:50:00,22:05:00,4413,0
2015-06-20,1524131,0,---,---,---,337730,114787,34%,4150,4%,500400,239399,48%,47,0%,22:20:00,22:50:00,4339,0
2015-06-19,1523839,0,---,---,---,337730,113635,34%,3919,3%,500400,246336,49%,48,0%,22:20:00,22:50:00,3975,0
2015-06-18,1523619,0,---,---,---,338880,116498,34%,3771,3%,500400,236853,47%,49,0%,21:50:00,22:35:00,3937,0
2015-06-17,1523417,0,---,---,---,335880,119560,36%,3864,3%,500400,249420,50%,57,0%,21:50:00,21:50:00,4281,0
2015-06-16,1523168,0,---,---,---,335880,115678,34%,4177,4%,500400,254063,51%,75,0%,21:50:00,21:50:00,3832,0
2015-06-15,1522915,0,---,---,---,338880,123105,36%,4125,3%,500400,252417,50%,61,0%,21:50:00,21:50:00,3789,0
2015-06-14,1522707,0,---,---,---,338880,115839,34%,4228,4%,500400,250081,50%,65,0%,21:50:00,22:35:00,6165,0
2015-06-13,1522349,0,---,---,---,338880,116479,34%,4393,4%,500400,244487,49%,52,0%,21:50:00,22:50:00,6198,0
2015-06-12,1521978,0,---,---,---,339455,111593,33%,3897,3%,500400,246849,49%,55,0%,22:05:00,22:50:00,40640,0
2015-06-11,1521738,0,---,---,---,339455,115603,34%,3973,3%,500400,238207,48%,124,0%,21:50:00,22:35:00,50368,0
2015-06-10,1521495,0,---,---,---,335880,113285,34%,1796,2%,500400,241588,48%,157,0%,21:50:00,22:35:00,4637,0
2015-06-09,1521304,0,---,---,---,336455,118068,35%,3844,3%,500400,242181,48%,119,0%,21:50:00,22:35:00,5190,0
2015-06-08,1521087,0,---,---,---,339455,120870,36%,3893,3%,500400,251341,50%,113,0%,21:50:00,21:50:00,5822,0
2015-06-07,1520899,0,---,---,---,338880,122997,36%,4176,3%,500400,261031,52%,134,0%,21:20:00,21:50:00,9319,0
2015-06-06,1520604,0,---,---,---,338880,118020,35%,3717,3%,500400,247502,49%,126,0%,21:50:00,22:35:00,9019,0
2015-06-05,1520290,0,---,---,---,339455,112018,33%,3506,3%,500400,250480,50%,129,0%,22:20:00,22:50:00,6626,0
2015-06-04,1519997,0,---,---,---,339455,111850,33%,3558,3%,500400,239395,48%,124,0%,21:50:00,22:35:00,4421,0
2015-06-03,1519762,0,---,---,---,337730,109921,33%,3518,3%,500400,240343,48%,109,0%,21:50:00,22:05:00,4405,0
2015-06-02,1519476,0,---,---,---,325805,119597,37%,4028,3%,500400,253431,51%,128,0%,21:35:00,21:50:00,4474,0
2015-06-01,1519211,0,---,---,---,338305,115534,34%,3294,3%,500400,238478,48%,117,0%,21:50:00,22:35:00,30969,0
2015-05-31,1518944,0,---,---,---,338880,118588,35%,2243,2%,500400,250569,50%,100,0%,21:50:00,22:35:00,93466,0
2015-05-30,1518588,0,---,---,---,338880,118068,35%,3430,3%,500400,247313,49%,118,0%,22:20:00,22:50:00,94666,0
2015-05-29,1518257,0,---,---,---,338880,113377,33%,3364,3%,500400,253472,51%,122,0%,22:20:00,22:50:00,92648,0
2015-05-28,1518015,0,---,---,---,337505,115268,34%,3401,3%,500400,236510,47%,136,0%,21:50:00,22:35:00,66381,0
2015-05-27,1517798,0,---,---,---,338080,113797,34%,3488,3%,500400,248411,50%,116,0%,21:20:00,21:50:00,3984,0
2015-05-26,1517526,0,---,---,---,330015,117949,36%,3097,3%,500400,240416,48%,109,0%,21:50:00,22:05:00,3117,0
2015-05-25,1517255,0,---,---,---,336930,128074,38%,2926,2%,500400,246202,49%,119,0%,21:50:00,22:35:00,3166,0
2015-05-24,1517012,0,---,---,---,336930,125869,37%,2940,2%,500400,259551,52%,127,0%,22:05:00,22:35:00,4415,0
2015-05-23,1516665,0,---,---,---,336930,126149,37%,3214,3%,500400,256279,51%,131,0%,22:20:00,22:35:00,4952,0
2015-05-22,1516284,0,---,---,---,336930,119557,35%,3033,3%,500400,251805,50%,129,0%,22:05:00,22:50:00,5149,0
2015-05-21,1516000,0,---,---,---,336930,121139,36%,3038,3%,500400,237816,48%,124,0%,21:50:00,22:35:00,1712,0
2015-05-20,1515803,0,---,---,---,336930,119716,36%,3337,3%,500400,240034,48%,105,0%,21:50:00,22:35:00,97302,0
2015-05-19,1515566,0,---,---,---,336930,121601,36%,2968,2%,500400,241999,48%,126,0%,22:05:00,22:35:00,73111,0
2015-05-18,1515313,0,---,---,---,336930,126551,38%,3179,3%,500400,246782,49%,115,0%,21:50:00,22:05:00,3499,0
2015-05-17,1515101,0,---,---,---,336930,121319,36%,2823,2%,500400,255935,51%,130,0%,22:20:00,22:35:00,3790,0
2015-05-16,1514875,0,---,---,---,336930,123072,37%,3176,3%,500400,249702,50%,110,0%,22:20:00,22:35:00,3500,0
2015-05-15,1514517,0,---,---,---,336930,118669,35%,3161,3%,500400,261331,52%,128,0%,22:20:00,22:35:00,3396,0
2015-05-14,1514317,0,---,---,---,336930,120368,36%,2955,2%,500400,240665,48%,116,0%,21:50:00,22:50:00,3089,0
2015-05-13,1514053,0,---,---,---,336930,118127,35%,3001,3%,500400,237960,48%,106,0%,21:50:00,22:35:00,3115,0
2015-05-12,1513854,0,---,---,---,337505,119256,35%,2910,2%,500400,237160,47%,105,0%,21:50:00,22:50:00,3132,0
2015-05-11,1513651,0,---,---,---,337505,125888,37%,2844,2%,500400,251002,50%,123,0%,21:50:00,21:50:00,5258,0
2015-05-10,1513451,0,---,---,---,337505,120740,36%,2868,2%,500400,255678,51%,115,0%,21:50:00,22:20:00,4540,0
2015-05-09,1513193,0,---,---,---,337505,125010,37%,3085,2%,500400,259549,52%,133,0%,22:20:00,22:35:00,5246,0
2015-05-08,1512898,0,---,---,---,337505,118316,35%,3034,3%,500400,252592,50%,129,0%,21:50:00,22:05:00,4555,0
2015-05-07,1512679,0,---,---,---,337505,118739,35%,2830,2%,500400,237000,47%,112,0%,21:50:00,22:05:00,4161,0
2015-05-06,1512464,0,---,---,---,337505,118745,35%,3608,3%,500400,239043,48%,120,0%,21:50:00,22:20:00,4647,0
2015-05-05,1512251,0,---,---,---,337505,120178,36%,2958,2%,500400,239120,48%,117,0%,21:50:00,22:20:00,4243,0
2015-05-04,1512008,0,---,---,---,337505,123683,37%,2845,2%,500400,242451,48%,125,0%,21:50:00,22:05:00,11902,0
2015-05-03,1511794,0,---,---,---,337505,119802,35%,2562,2%,500400,251929,50%,120,0%,22:05:00,22:35:00,5621,0
2015-05-02,1511572,0,---,---,---,337505,117399,35%,3015,3%,500400,242285,48%,134,0%,22:05:00,22:50:00,5927,0
2015-05-01,1511329,0,---,---,---,338080,107021,32%,2541,2%,500400,238076,48%,124,0%,22:20:00,22:50:00,5697,0
2015-04-30,1511055,0,---,---,---,338655,114861,34%,1906,2%,500400,231517,46%,85,0%,21:50:00,22:50:00,4769,0
2015-04-29,1510758,0,---,---,---,338080,115566,34%,2583,2%,500400,234769,47%,112,0%,21:50:00,22:05:00,3922,0
2015-04-28,1510506,0,---,---,---,338080,115612,34%,2409,2%,500400,234997,47%,103,0%,21:50:00,22:35:00,4258,0
2015-04-27,1510281,0,---,---,---,336480,120676,36%,2583,2%,500400,236957,47%,103,0%,21:50:00,22:05:00,34311,0
2015-04-26,1510071,0,---,---,---,338880,118977,35%,2905,2%,500400,254505,51%,117,0%,21:20:00,22:20:00,3283,0
2015-04-25,1509786,0,---,---,---,338880,117300,35%,2922,2%,500400,245519,49%,111,0%,22:20:00,22:50:00,3695,0
2015-04-24,1509500,0,---,---,---,338880,115045,34%,2831,2%,500400,244996,49%,105,0%,22:05:00,22:50:00,3344,0
2015-04-23,1509199,0,---,---,---,338880,117110,35%,2838,2%,500400,233597,47%,108,0%,21:50:00,22:05:00,3967,0
2015-04-22,1509002,0,---,---,---,338880,115993,34%,2963,3%,500400,234773,47%,105,0%,21:50:00,22:05:00,20529,0
2015-04-21,1508811,0,---,---,---,337730,115797,34%,4007,3%,500400,237849,48%,122,0%,21:50:00,22:05:00,3495,0
2015-04-20,1508604,0,---,---,---,337455,122831,36%,3059,2%,500400,243050,49%,116,0%,21:50:00,22:05:00,3983,0
2015-04-19,1508394,0,---,---,---,334730,119718,36%,2960,2%,500400,258634,52%,127,0%,21:05:00,22:05:00,6536,0
2015-04-18,1508073,0,---,---,---,334730,118732,35%,2993,3%,500400,245437,49%,105,0%,22:05:00,22:50:00,7470,0
2015-04-17,1507849,0,---,---,---,334730,112720,34%,2639,2%,500400,243764,49%,96,0%,22:05:00,22:50:00,4492,0
2015-04-16,1507596,0,---,---,---,334730,115163,34%,2499,2%,500400,230963,46%,105,0%,21:50:00,22:05:00,3350,0
2015-04-15,1507380,0,---,---,---,335305,110111,33%,1798,2%,500400,227945,46%,107,0%,21:50:00,22:05:00,3547,0
2015-04-14,1507189,0,---,---,---,335305,114314,34%,1887,2%,500400,232406,46%,108,0%,21:50:00,22:05:00,3852,0
2015-04-13,1506987,0,---,---,---,336455,117553,35%,1868,2%,500400,240624,48%,120,0%,21:50:00,21:50:00,3768,0
2015-04-12,1506818,0,---,---,---,336455,118754,35%,1905,2%,500400,251990,50%,126,0%,21:50:00,22:05:00,4609,0
2015-04-11,1506581,0,---,---,---,336455,109266,32%,1822,2%,500400,248638,50%,111,0%,22:05:00,22:35:00,5877,0
2015-04-10,1506355,0,---,---,---,337030,117059,35%,1917,2%,500400,235025,47%,104,0%,21:50:00,22:50:00,2693,0
2015-04-09,1506128,0,---,---,---,335880,116998,35%,1857,2%,500400,232880,47%,127,0%,21:50:00,21:50:00,2522,0
2015-04-08,1505912,0,---,---,---,335880,115370,34%,1894,2%,500400,238258,48%,107,0%,21:50:00,21:50:00,2499,0
2015-04-07,1505701,0,---,---,---,334730,120810,36%,2143,2%,500400,246172,49%,116,0%,21:50:00,21:50:00,3225,0
2015-04-06,1505514,0,---,---,---,335880,123833,37%,2174,2%,500400,249691,50%,117,0%,21:50:00,21:50:00,3524,0
2015-04-05,1505296,0,---,---,---,335880,119631,36%,2048,2%,500400,245714,49%,125,0%,22:05:00,22:20:00,3914,0
2015-04-04,1505098,0,---,---,---,335880,115042,34%,1855,2%,500400,235922,47%,111,0%,21:50:00,22:35:00,4016,0
2015-04-03,1504833,0,---,---,---,335880,114656,34%,1760,2%,500400,242792,49%,113,0%,22:05:00,22:35:00,3549,0
2015-04-02,1504615,0,---,---,---,336455,117545,35%,1706,1%,500400,237673,47%,126,0%,21:50:00,22:05:00,3108,0
2015-04-01,1504367,0,---,---,---,336455,115539,34%,1553,1%,500400,233287,47%,116,0%,21:50:00,22:05:00,3325,0
2015-03-31,1504162,0,---,---,---,337030,113100,34%,1103,1%,500400,236487,47%,104,0%,22:05:00,22:35:00,3386,0
2015-03-30,1503902,0,---,---,---,336455,121905,36%,1678,1%,500400,240405,48%,122,0%,21:50:00,21:50:00,3756,0
2015-03-29,1503666,0,---,---,---,336455,121411,36%,1745,1%,500400,249906,50%,119,0%,21:50:00,22:05:00,5772,0
2015-03-28,1503388,0,---,---,---,337030,123281,37%,2037,2%,500400,245716,49%,123,0%,21:50:00,22:35:00,5888,0
2015-03-27,1503105,0,---,---,---,337605,121591,36%,1975,2%,500400,247864,50%,127,0%,22:05:00,22:35:00,5044,0
2015-03-26,1502884,0,---,---,---,337030,120211,36%,1544,1%,500400,244111,49%,127,0%,21:50:00,21:50:00,4570,0
2015-03-25,1502668,0,---,---,---,337030,119468,35%,1434,1%,500400,237879,48%,115,0%,21:50:00,22:05:00,3729,0
2015-03-24,1502434,0,---,---,---,337030,118984,35%,1417,1%,500400,239998,48%,118,0%,21:50:00,22:05:00,4174,0
2015-03-23,1502211,0,---,---,---,337605,123762,37%,1413,1%,500400,245171,49%,125,0%,21:50:00,21:50:00,3258,0
2015-03-22,1502003,0,---,---,---,337030,118213,35%,1245,1%,500400,260407,52%,119,0%,22:20:00,22:05:00,4692,0
2015-03-21,1501709,0,---,---,---,337030,122167,36%,1618,1%,500400,249236,50%,119,0%,22:20:00,22:35:00,5311,0
2015-03-20,1501431,0,---,---,---,337605,122361,36%,1404,1%,500400,249768,50%,124,0%,21:50:00,22:50:00,4398,0
2015-03-19,1501230,0,---,---,---,336455,117787,35%,1168,1%,500400,238642,48%,98,0%,22:05:00,22:35:00,3469,0
2015-03-18,1500996,0,---,---,---,337030,116519,35%,1236,1%,500400,247331,49%,103,0%,21:50:00,21:50:00,3873,0
2015-03-17,1500727,0,---,---,---,337030,116810,35%,1157,1%,500400,244325,49%,115,0%,21:50:00,22:05:00,4541,0
2015-03-16,1500498,0,---,---,---,337030,124843,37%,1314,1%,500400,246077,49%,128,0%,21:50:00,21:50:00,54825,0
2015-03-15,1500275,0,---,---,---,337030,120890,36%,1520,1%,500400,263690,53%,142,0%,21:20:00,21:50:00,4628,0
2015-03-14,1500035,0,---,---,---,337030,125568,37%,1703,1%,500400,258506,52%,117,0%,21:50:00,21:50:00,4383,0
2015-03-13,1499770,0,---,---,---,337030,116396,35%,1248,1%,500400,251102,50%,124,0%,22:20:00,22:50:00,3742,0
2015-03-12,1499598,0,---,---,---,337030,116003,34%,1372,1%,500400,240258,48%,114,0%,21:50:00,21:50:00,3847,0
2015-03-11,1499389,0,---,---,---,336455,117842,35%,1338,1%,500400,238650,48%,99,0%,21:50:00,21:50:00,2854,0
2015-03-10,1499170,0,---,---,---,331605,117219,35%,1124,1%,500400,241219,48%,124,0%,21:50:00,21:50:00,3119,0
2015-03-09,1498983,0,---,---,---,331605,119584,36%,1045,1%,500400,247035,49%,124,0%,21:50:00,21:50:00,3076,0
2015-03-08,1498787,0,---,---,---,331605,120398,36%,1176,1%,500400,259622,52%,120,0%,21:05:00,21:50:00,5020,0
2015-03-07,1498572,0,---,---,---,331605,123969,37%,1374,1%,500400,249982,50%,105,0%,21:50:00,22:35:00,5029,0
2015-03-06,1498307,0,---,---,---,331605,121935,37%,1031,1%,500400,248829,50%,125,0%,21:50:00,22:35:00,4141,0
2015-03-05,1498052,0,---,---,---,332030,112340,34%,735,1%,500400,252168,50%,124,0%,22:20:00,21:50:00,3734,0
2015-03-04,1497866,0,---,---,---,332455,116779,35%,731,1%,500400,239295,48%,103,0%,21:50:00,21:50:00,3178,0
2015-03-03,1497671,0,---,---,---,332455,117939,35%,697,1%,500400,244685,49%,121,0%,21:50:00,21:50:00,4802,0
2015-03-02,1497462,0,---,---,---,332455,120568,36%,748,1%,500400,242476,48%,107,0%,21:50:00,21:50:00,2473,0
2015-03-01,1497247,0,---,---,---,332455,120961,36%,737,1%,500400,249442,50%,133,0%,21:20:00,21:50:00,2806,0
2015-02-28,1497022,0,---,---,---,332455,131067,39%,675,1%,500400,256495,51%,95,0%,21:50:00,22:35:00,3423,0
2015-02-27,1496852,0,---,---,---,332455,120586,36%,684,1%,500400,248510,50%,124,0%,21:50:00,21:50:00,3173,0
2015-02-26,1496684,0,---,---,---,332455,122150,37%,685,1%,500400,242868,49%,115,0%,21:50:00,21:50:00,3080,0
2015-02-25,1496529,0,---,---,---,327205,118400,36%,728,1%,498100,249658,50%,135,0%,21:50:00,21:50:00,3561,0
2015-02-24,1496417,0,---,---,---,327205,115997,35%,711,1%,498100,230715,46%,120,0%,21:50:00,22:35:00,3989,0
2015-02-23,1496337,0,---,---,---,327205,109827,34%,714,1%,498100,216941,44%,101,0%,21:50:00,22:35:00,4128,0
2015-02-22,1496273,0,---,---,---,327205,108237,33%,690,1%,498100,212644,43%,86,0%,21:50:00,22:50:00,4261,0
2015-02-21,1496223,0,---,---,---,327205,104769,32%,635,1%,498100,208292,42%,104,0%,22:05:00,22:35:00,3659,0
2015-02-20,1496188,0,---,---,---,327205,99562,30%,575,1%,498100,203944,41%,87,0%,21:50:00,22:50:00,3364,0
2015-02-19,1496162,0,---,---,---,327205,94319,29%,515,1%,498100,204107,41%,108,0%,22:05:00,21:50:00,3629,0
2015-02-18,1496118,0,---,---,---,327205,77515,24%,443,1%,498100,209639,42%,112,0%,00:05:00,22:05:00,3277,0
2015-02-17,1495997,0,---,---,---,327205,106919,33%,666,1%,498100,217207,44%,127,0%,21:50:00,22:50:00,3865,0
2015-02-16,1495727,0,---,---,---,327205,116625,36%,720,1%,498100,224593,45%,122,0%,21:50:00,22:50:00,4128,0
2015-02-15,1495465,0,---,---,---,324205,119525,37%,810,1%,498100,237178,48%,175,0%,21:50:00,22:35:00,5094,0
2015-02-14,1495213,0,---,---,---,324205,119287,37%,942,1%,498100,236272,47%,149,0%,22:05:00,22:35:00,4125,0
2015-02-13,1494846,0,---,---,---,324205,117636,36%,718,1%,498100,236193,47%,154,0%,21:50:00,22:50:00,3910,0
2015-02-12,1494566,0,---,---,---,324205,121170,37%,783,1%,498100,236114,47%,174,0%,21:50:00,22:20:00,4334,0
2015-02-11,1494292,0,---,---,---,324205,118300,36%,752,1%,498100,235829,47%,188,0%,21:50:00,22:35:00,26513,0
2015-02-10,1493968,0,---,---,---,324205,120636,37%,813,1%,498100,238362,48%,202,0%,21:50:00,22:05:00,4054,0
2015-02-09,1493709,0,---,---,---,324205,122620,38%,841,1%,498100,240787,48%,216,0%,21:50:00,22:05:00,3856,0
2015-02-08,1493388,0,---,---,---,324780,125219,39%,1058,1%,498100,250319,50%,208,0%,21:35:00,22:05:00,5383,0
2015-02-07,1493050,0,---,---,---,324780,120313,37%,994,1%,498100,243238,49%,232,0%,21:50:00,22:35:00,18381,0
2015-02-06,1492690,0,---,---,---,324780,119697,37%,1109,1%,498100,242969,49%,240,0%,21:50:00,22:35:00,47445,0
2015-02-05,1492456,0,---,---,---,324780,123461,38%,1051,1%,498100,243665,49%,261,0%,21:50:00,22:05:00,4572,0
2015-02-04,1492228,0,---,---,---,324780,124037,38%,1223,1%,498100,247103,50%,242,0%,21:50:00,21:50:00,5054,0
2015-02-03,1491946,0,---,---,---,324780,127647,39%,1190,1%,498100,251296,50%,277,0%,21:50:00,21:50:00,5124,0
2015-02-02,1491640,3,---,---,---,324780,127991,39%,1054,1%,498100,256681,52%,313,0%,21:50:00,21:50:00,4038,0
2015-02-01,1491414,3,---,---,---,324780,128852,40%,1170,1%,498100,264607,53%,361,0%,21:35:00,21:50:00,4695,0
2015-01-31,1491138,3,---,---,---,324780,126667,39%,729,1%,498100,256660,52%,316,0%,21:50:00,21:50:00,4961,0
2015-01-30,1490771,3,---,---,---,324780,24968,8%,0,0%,498100,267902,54%,462,0%,21:50:00,22:35:00,4697,0
2015-01-29,1490700,3,---,---,---,324780,26431,8%,0,0%,498100,278662,56%,552,0%,21:35:00,21:50:00,5614,0
